"band","cohort","year","fpop","age","spf","x","y"
10801,NA,1,34,NA,0,5,2.25
10806,NA,1,34,NA,1,2.75,2.75
10813,NA,1,34,NA,3,13,3.5
10825,NA,1,34,NA,1,8.375,2.875
10829,NA,1,34,NA,1,10.75,1.5
10833,NA,1,34,NA,2,18.4375,3.5625
10834,NA,1,34,NA,0,8,3.75
10835,NA,1,34,NA,0,14.083333333,3.8333333333
10836,NA,1,34,NA,2,18.75,3.625
10837,NA,1,34,NA,3,16.333333333,3.8333333333
10842,NA,1,34,NA,2,16.25,2
10843,NA,1,34,NA,2,12.5,1.875
10848,NA,1,34,NA,3,20.8125,3.375
10857,NA,1,34,NA,1,25.25,4
10860,NA,1,34,NA,1,20.625,2.375
10864,NA,1,34,NA,1,26.625,1.625
10872,NA,1,34,NA,0,26.833333333,3.6666666667
10887,NA,1,34,NA,0,28.25,4
10893,NA,1,34,NA,1,11.125,3.125
10903,NA,1,34,NA,0,6.25,3.375
10905,NA,1,34,NA,5,3.625,2.625
10913,NA,1,34,NA,0,11.5,2.25
10920,NA,1,34,NA,1,31.125,2.5
10923,NA,1,34,NA,0,27.875,1.75
10928,NA,1,34,NA,6,10,3.5
10947,NA,1,34,NA,1,25.5,1.75
10960,NA,1,34,NA,0,31.375,3.375
10968,NA,1,34,NA,0,6,2
10973,NA,1,34,NA,0,29.583333333,3.5
10974,NA,1,34,NA,0,14.375,2.375
30301,NA,1,34,NA,2,9.875,2.375
30302,NA,1,34,NA,0,7.625,3
30303,NA,1,34,NA,2,4.75,3.5
30304,NA,1,34,NA,2,24,4.5
10801,NA,2,30,NA,6,4.75,2.25
10813,NA,2,30,NA,3,13.375,3.625
10829,NA,2,30,NA,4,11,1.5
10834,NA,2,30,NA,3,8,3.5
10836,NA,2,30,NA,4,19.75,3.375
10837,NA,2,30,NA,5,16.333333333,3.4166666667
10842,NA,2,30,NA,4,15.875,2
10860,NA,2,30,NA,3,21.333333333,3.75
10864,NA,2,30,NA,3,26.625,1.625
10883,NA,2,30,NA,6,22.25,4.25
10893,NA,2,30,NA,2,11.583333333,3.0833333333
10905,NA,2,30,NA,8,3.25,2.75
10913,NA,2,30,NA,5,10.25,3.25
10920,NA,2,30,NA,4,31,2.25
10923,NA,2,30,NA,5,28,2.25
10928,NA,2,30,NA,4,10.125,2.375
10952,2,2,30,1,2,18.625,2
10960,NA,2,30,NA,7,28.25,3.5
10968,NA,2,30,NA,0,6.875,2.4375
10973,NA,2,30,NA,6,29.833333333,3.4166666667
10974,NA,2,30,NA,3,14.125,1.875
30302,NA,2,30,NA,0,7.25,3.75
30303,NA,2,30,NA,6,5.375,3.75
30304,NA,2,30,NA,2,23.5,3.75
37403,2,2,30,1,3,31,3.75
37406,2,2,30,1,0,10.375,2.875
37408,2,2,30,1,5,3.875,3
37418,NA,2,30,NA,0,17.416666667,4.0833333333
37431,NA,2,30,NA,4,26.583333333,3.5833333333
37487,NA,2,30,NA,5,8.625,3.25
10801,NA,3,45,NA,3,4.625,2.25
10813,NA,3,45,NA,6,13.125,3.25
10829,NA,3,45,NA,3,11.25,1.875
10836,NA,3,45,NA,6,19.4375,3.625
10837,NA,3,45,NA,6,16.125,3.5
10842,NA,3,45,NA,5,15.375,3.375
10860,NA,3,45,NA,4,21,3.5
10883,NA,3,45,NA,2,22.166666667,4.25
10893,NA,3,45,NA,1,12,3.25
10905,NA,3,45,NA,7,3.75,3
10913,NA,3,45,NA,2,11.25,5.25
10920,NA,3,45,NA,4,30.75,2.6875
10928,NA,3,45,NA,6,10.416666667,3.4166666667
10960,NA,3,45,NA,6,28.125,3.25
10968,NA,3,45,NA,6,4.75,4.3333333333
30303,NA,3,45,NA,7,5.6666666667,3.75
37406,2,3,45,2,7,10.125,1.375
37418,NA,3,45,NA,0,17.75,4.0833333333
37431,NA,3,45,NA,5,23.125,4.125
37437,3,3,45,1,7,23.375,2.375
37444,3,3,45,1,2,11.875,3.5
37451,3,3,45,1,3,20.75,2.75
37458,3,3,45,1,5,28,2
37460,3,3,45,1,6,2.75,4.125
37462,3,3,45,1,4,7.5,3.9166666667
37466,3,3,45,1,1,8,4
37467,3,3,45,1,6,26.5,1.75
37468,3,3,45,1,5,29.625,3.75
37472,3,3,45,1,3,14.25,4
37476,3,3,45,1,4,3.75,2.25
37492,3,3,45,1,5,13.666666667,2.3333333333
37493,3,3,45,1,5,3.125,2.625
37498,3,3,45,1,3,26.25,3.375
74301,3,3,45,1,5,18.75,2.375
74307,3,3,45,1,6,1.0833333333,3.9166666667
74308,3,3,45,1,2,25.25,3.875
74314,3,3,45,1,3,4.75,4.3333333333
74318,3,3,45,1,3,25.375,1.875
74322,3,3,45,1,0,NA,NA
74323,3,3,45,1,1,NA,NA
74326,3,3,45,1,3,24.75,4.375
74335,3,3,45,1,0,16.5,1.875
74342,3,3,45,1,5,12.75,1.875
74352,3,3,45,1,6,9.25,3.75
74371,NA,3,45,NA,4,31.583333333,3.3333333333
10801,NA,4,48,NA,1,4.75,2.25
10829,NA,4,48,NA,5,10,1.75
10836,NA,4,48,NA,6,20.25,3
10837,NA,4,48,NA,4,15.416666667,2.8333333333
10905,NA,4,48,NA,3,3.75,2.5
10928,NA,4,48,NA,3,10.5,3.25
10960,NA,4,48,NA,7,29.75,3.5833333333
30529,4,4,48,1,2,12.125,2.625
30535,4,4,48,1,3,22.625,3.625
30554,4,4,48,1,3,13.5,3.25
30581,4,4,48,1,6,9.5,4.25
30595,4,4,48,1,8,11,2
30597,4,4,48,1,7,8.1666666667,3.4166666667
30601,4,4,48,1,4,21.875,4.25
30602,4,4,48,1,0,10,2.5
30604,4,4,48,1,6,20.875,3.25
30615,4,4,48,1,2,17.625,3.75
30627,4,4,48,1,1,16.5,2
30628,4,4,48,1,4,5.8333333333,3.5833333333
30629,4,4,48,1,5,6.875,2.125
30635,4,4,48,1,9,30.833333333,2.1666666667
30640,4,4,48,1,2,31.75,3.25
30646,4,4,48,1,8,11.125,4.875
30652,4,4,48,1,7,12.625,1.75
30661,4,4,48,1,9,16.333333333,3.5833333333
30665,4,4,48,1,6,26.666666667,3.4166666667
30670,4,4,48,1,8,4.375,3.125
30681,4,4,48,1,9,28.083333333,3.5
30683,4,4,48,1,4,14.583333333,2.9166666667
30699,4,4,48,1,4,22.25,4.375
37437,3,4,48,2,7,23,2.25
37444,3,4,48,2,3,12.125,3.25
37451,3,4,48,2,7,19.875,3.125
37460,3,4,48,2,4,2.75,3.625
37462,3,4,48,2,6,7.375,3.125
37467,3,4,48,2,6,28,2
37472,3,4,48,2,5,14.125,4.125
37493,3,4,48,2,6,5,4.125
37498,3,4,48,2,3,25.25,3.625
74301,3,4,48,2,7,18.5,1.75
74307,3,4,48,2,3,1.25,4.25
74308,3,4,48,2,7,23.75,4.125
74318,3,4,48,2,6,23.75,1.8333333333
74326,3,4,48,2,8,24.875,4.375
74342,3,4,48,2,8,14,2
74352,3,4,48,2,4,9.125,3.375
74383,4,4,48,1,0,21,2.5
74396,4,4,48,1,6,25.25,3.5
10829,NA,5,65,NA,2,9.875,1.875
10836,NA,5,65,NA,5,19.125,3.5
10928,NA,5,65,NA,3,10.416666667,3.0833333333
30529,4,5,65,2,3,12.625,2.375
30581,4,5,65,2,7,9.5,4.5
30595,4,5,65,2,6,10.875,1.5
30597,4,5,65,2,4,7.25,3.375
30601,4,5,65,2,3,21.75,4.25
30604,4,5,65,2,2,20.75,3.625
30629,4,5,65,2,2,5.75,2.1666666667
30635,4,5,65,2,3,31,2.3333333333
30640,4,5,65,2,4,32.25,3.125
30652,4,5,65,2,6,12.5,1.75
30661,4,5,65,2,5,16.75,3.5
30670,4,5,65,2,3,2.75,2.75
30681,4,5,65,2,7,28.5,3.0833333333
30683,4,5,65,2,5,14.833333333,2.75
30699,4,5,65,2,4,29.25,3.75
30743,5,5,65,1,3,23.25,2.25
30752,5,5,65,1,2,27.75,2.5
30753,5,5,65,1,0,4.5,3.5833333333
30758,5,5,65,1,3,15.375,3
30759,5,5,65,1,2,23.875,4.75
30765,5,5,65,1,1,27,2
30769,5,5,65,1,5,4.5,2.75
30778,5,5,65,1,2,20.25,3
30781,5,5,65,1,3,13.25,4.375
30786,5,5,65,1,2,4.75,3.5
37437,3,5,65,3,2,22.875,2.5
37460,3,5,65,3,6,2.75,4.375
37462,3,5,65,3,2,6.6666666667,3.25
37467,3,5,65,3,4,27.375,2
37472,3,5,65,3,3,14.125,4
37498,3,5,65,3,2,26.5,3.5
43006,5,5,65,1,0,14.4375,3.375
43014,5,5,65,1,0,24.5,2.875
43024,5,5,65,1,2,3.75,2.9166666667
43029,5,5,65,1,0,14.75,3.25
43035,5,5,65,1,4,11.375,3.125
43037,5,5,65,1,5,16.5,1.75
43043,5,5,65,1,3,10.8,2.1
43051,5,5,65,1,0,22.5,3
43056,5,5,65,1,3,8.25,2.5
43058,5,5,65,1,5,17.625,3.75
43059,5,5,65,1,2,11,5
43062,5,5,65,1,4,20.375,4.125
43066,5,5,65,1,3,15.875,3.625
43067,5,5,65,1,4,13.625,3.125
43084,5,5,65,1,0,7.375,2.875
43089,5,5,65,1,3,10,2.75
43092,5,5,65,1,2,18.25,4.25
43212,5,5,65,1,4,27,3.5
43217,5,5,65,1,2,21.75,2.75
43223,5,5,65,1,3,4.75,4.125
43235,5,5,65,1,2,12.875,3.375
43276,5,5,65,1,0,3.75,3
43284,NA,5,65,NA,5,11.416666667,1.9166666667
74301,3,5,65,3,5,19.25,2.25
74307,3,5,65,3,3,0.25,4.25
74308,3,5,65,3,3,23.25,3.625
74318,3,5,65,3,4,25.25,2
74326,3,5,65,3,4,24.833333333,4.25
74342,3,5,65,3,4,14,2.125
74383,4,5,65,2,0,21.125,2.5
74396,4,5,65,2,5,25.625,3.5
16282,6,7,18,2,6,27.875,3.875
30529,4,7,18,4,5,12.833333333,3.1666666667
30604,4,7,18,4,6,21.375,2.625
30670,4,7,18,4,0,NA,NA
43169,6,7,18,2,8,19,3.4166666667
43183,6,7,18,2,5,11.1875,2
60109,7,7,18,1,4,14,2
60117,7,7,18,1,8,9.25,3.25
60121,7,7,18,1,9,11.333333333,3.1666666667
60124,7,7,18,1,6,26.5,3.75
60126,7,7,18,1,4,9.75,1.75
60131,7,7,18,1,5,32,3
60136,7,7,18,1,6,21.583333333,4.4166666667
60139,7,7,18,1,3,24.625,4.125
60142,7,7,18,1,6,16.25,3.5
60145,7,7,18,1,5,23.916666667,2.3333333333
60196,7,7,18,1,4,17.625,3.625
60226,NA,7,18,NA,8,5,4.0833333333
43183,6,8,26,3,7,11.125,2
60108,7,8,26,2,5,8.3333333333,3.25
60109,7,8,26,2,7,13.625,3.375
60124,7,8,26,2,7,26.5,3.75
60126,7,8,26,2,6,9.75,2
60131,7,8,26,2,3,28.5,3.125
60136,7,8,26,2,6,21.625,4.125
60139,7,8,26,2,2,25.625,3.25
60142,7,8,26,2,4,16.083333333,3.3333333333
60176,8,8,26,1,3,32.15,3.25
60177,8,8,26,1,4,22.75,3.6666666667
60179,8,8,26,1,6,21.625,2.75
60182,8,8,26,1,2,26.375,1.75
60184,8,8,26,1,2,7.25,2.9166666667
60193,8,8,26,1,5,28.75,3.975
60194,8,8,26,1,6,28,2.5
60195,8,8,26,1,7,18.875,3.75
60197,8,8,26,1,2,10.375,3.5
60198,8,8,26,1,3,11.25,3.5
60204,8,8,26,1,7,19.875,3.625
60206,8,8,26,1,7,25.25,2
60209,8,8,26,1,5,12.625,1.75
60216,8,8,26,1,3,24.25,4.625
60244,8,8,26,1,2,14.75,3.25
60247,8,8,26,1,4,5.25,3.75
60254,8,8,26,1,6,3.75,2.875
58703,9,9,54,1,0,21.1875,3.5625
58704,9,9,54,1,3,30.625,2.625
58708,9,9,54,1,4,15.375,3.125
58709,9,9,54,1,5,16.25,1.875
58711,9,9,54,1,1,14.166666667,1.9166666667
58717,9,9,54,1,3,22,2.25
58725,9,9,54,1,4,11.125,1.75
58732,9,9,54,1,0,25.25,2.5
58736,9,9,54,1,5,32.1875,3.3125
58740,9,9,54,1,0,10.25,2.75
58741,9,9,54,1,0,5.75,3.5
58747,9,9,54,1,3,4.75,2.75
58749,9,9,54,1,2,17,3.5
58751,9,9,54,1,5,6.1875,3.6875
58752,9,9,54,1,3,8.75,3.25
58753,9,9,54,1,5,18.666666667,3.0833333333
58763,9,9,54,1,6,28.833333333,3.3333333333
58773,9,9,54,1,0,23.25,2.5
58775,9,9,54,1,5,12.75,3.125
58777,9,9,54,1,3,17.75,4
58779,9,9,54,1,6,2.75,3.375
58781,9,9,54,1,0,24.25,3.5
60108,7,9,54,3,5,8.25,3.25
60109,7,9,54,3,4,12.875,3.625
60124,7,9,54,3,6,26.833333333,3.5
60126,7,9,54,3,7,9.75,1.375
60131,7,9,54,3,0,28,3.75
60136,7,9,54,3,2,21.75,4.25
60142,7,9,54,3,0,15.75,4
60176,8,9,54,2,3,30,3.75
60177,8,9,54,2,3,23.25,3.6666666667
60179,8,9,54,2,3,20.875,2.125
60182,8,9,54,2,5,26.625,2
60184,8,9,54,2,2,6.75,2
60194,8,9,54,2,6,27.875,2.25
60195,8,9,54,2,5,19.125,3.4375
60197,8,9,54,2,6,10,3.625
60198,8,9,54,2,4,12.375,2.625
60204,8,9,54,2,6,20.25,3.875
60206,8,9,54,2,6,24.083333333,2.3333333333
60209,8,9,54,2,6,13.5,3.4166666667
60216,8,9,54,2,8,24.1875,4.5
60244,8,9,54,2,9,14.083333333,3.5833333333
60254,8,9,54,2,5,5.5,3.8333333333
60268,9,9,54,1,4,12.75,1.875
60275,9,9,54,1,3,14.666666667,2.5833333333
60279,9,9,54,1,1,25.25,1.875
60281,9,9,54,1,5,20.375,3.25
60282,9,9,54,1,8,3.4166666667,2.5
60290,9,9,54,1,1,22.666666667,3.4166666667
60291,9,9,54,1,4,18.25,2
60297,9,9,54,1,2,3.6666666667,2.5833333333
60298,9,9,54,1,6,5.5,2
60300,9,9,54,1,6,22.25,3.375
58709,9,10,53,2,5,16.25,2.1666666667
58717,9,10,53,2,7,18.5,3.125
58725,9,10,53,2,6,10.75,1.9166666667
58747,9,10,53,2,5,4.5833333333,2.5
58751,9,10,53,2,7,5.9166666667,3.5833333333
58763,9,10,53,2,3,28.125,3.125
58775,9,10,53,2,3,6.625,3
58779,9,10,53,2,8,2.75,3.1666666667
58807,10,10,53,1,6,32.125,3.3125
58819,10,10,53,1,3,21.5,2.875
58825,10,10,53,1,3,13.75,3.5
58828,10,10,53,1,2,22.625,3
58829,10,10,53,1,6,9.75,2.875
58835,10,10,53,1,0,24.5,3.5
58853,10,10,53,1,1,29.75,3.75
58859,10,10,53,1,2,11.666666667,1.8333333333
58869,10,10,53,1,4,24,4.75
58891,10,10,53,1,6,12.9375,3.5625
58900,10,10,53,1,5,25.75,3.25
59152,NA,10,53,NA,0,12.25,3.375
59207,10,10,53,1,2,11,3.125
59214,10,10,53,1,0,11.375,2.125
59230,10,10,53,1,1,17.625,4
59323,10,10,53,1,1,14.25,3.25
59326,10,10,53,1,6,4.9166666667,4
59347,10,10,53,1,6,25.1875,2.25
59355,10,10,53,1,4,16.625,3.4375
59363,10,10,53,1,3,5.375,2.375
59374,10,10,53,1,4,31.0625,2.4375
59381,10,10,53,1,6,18.375,3.75
59398,10,10,53,1,5,25.25,4
60108,7,10,53,4,5,8.375,3.375
60109,7,10,53,4,2,14.083333333,1.8333333333
60124,7,10,53,4,5,26.833333333,3.5833333333
60126,7,10,53,4,3,9.9375,1.6875
60136,7,10,53,4,0,21.833333333,4.3333333333
60177,8,10,53,3,3,23.5,3.75
60179,8,10,53,3,3,21.75,2.375
60182,8,10,53,3,0,29.25,3.5
60184,8,10,53,3,0,7,2
60194,8,10,53,3,3,28.166666667,2.1666666667
60197,8,10,53,3,6,10.375,3.125
60204,8,10,53,3,6,20.5,4
60206,8,10,53,3,6,24.125,2.375
60216,8,10,53,3,2,24.9,4.15
60244,8,10,53,3,2,14.4375,3.375
60254,8,10,53,3,5,3.875,2.625
60268,9,10,53,2,4,12.75,1.625
60279,9,10,53,2,3,27.125,2.25
60281,9,10,53,2,3,20.083333333,3.1666666667
60290,9,10,53,2,4,22.583333333,4
60291,9,10,53,2,2,18.583333333,2.3333333333
60300,9,10,53,2,5,21.166666667,3.3333333333
2314,11,11,72,1,4,12.416666667,2.6666666667
58717,9,11,72,3,4,18.333333333,2.9166666667
58747,9,11,72,3,1,4.5833333333,2.6666666667
58751,9,11,72,3,6,6.3333333333,3.4166666667
58763,9,11,72,3,1,28.083333333,3.5833333333
58775,9,11,72,3,1,6,2.25
58807,10,11,72,2,4,31.666666667,3.5
58819,10,11,72,2,4,20.375,4.375
58825,10,11,72,2,8,13.416666667,3.3333333333
58828,10,11,72,2,3,23.375,2.4375
58835,10,11,72,2,0,25,2.875
58853,10,11,72,2,1,30.25,3.75
58859,10,11,72,2,2,11.5,1.9166666667
58869,10,11,72,2,3,24,4.75
58891,10,11,72,2,9,12.625,3.3125
58900,10,11,72,2,1,25.875,3.625
58903,11,11,72,1,1,27,1.75
58909,11,11,72,1,5,15.4375,3.25
58917,11,11,72,1,1,4.75,4.3125
58938,11,11,72,1,0,30.3125,2.625
58943,11,11,72,1,0,18.625,3.75
58947,11,11,72,1,0,17.5,3.75
58953,11,11,72,1,3,6.5,1.75
58954,11,11,72,1,1,24.333333333,2
58962,11,11,72,1,6,16.375,1.875
58977,11,11,72,1,0,30.916666667,3.3333333333
58978,11,11,72,1,1,10,3.75
58988,11,11,72,1,2,22.125,2.25
58995,11,11,72,1,4,3,2.75
59104,11,11,72,1,0,18.0625,2.5
59105,11,11,72,1,2,9.5833333333,2.9166666667
59107,11,11,72,1,2,29.75,4
59114,11,11,72,1,0,19.75,3.5625
59117,11,11,72,1,2,12.625,1.625
59125,11,11,72,1,1,31.1875,2.25
59133,11,11,72,1,0,7.75,2.75
59145,11,11,72,1,1,22.25,3.5
59150,11,11,72,1,2,16.75,4.25
59151,11,11,72,1,7,11,2.25
59199,11,11,72,1,1,23.5,3.625
59207,10,11,72,2,10,11,3.1666666667
59230,10,11,72,2,3,16.45,3.4
59239,11,11,72,1,3,20.5,2.25
59241,11,11,72,1,0,21.5,2.8125
59243,11,11,72,1,2,21.875,4.625
59274,11,11,72,1,0,19.125,3.625
59283,11,11,72,1,5,5.625,3.5
59284,11,11,72,1,0,14.166666667,2
59326,10,11,72,2,4,3.75,2.75
59355,10,11,72,2,3,23,3.1666666667
59363,10,11,72,2,2,5,2.25
59381,10,11,72,2,3,18.25,4
59398,10,11,72,2,1,25.25,3.9375
60108,7,11,72,5,0,8.3333333333,3.3333333333
60109,7,11,72,5,6,14.583333333,2.6666666667
60124,7,11,72,5,0,26.875,3.75
60126,7,11,72,5,1,10.25,1.375
60136,7,11,72,5,0,21.666666667,4.3333333333
60177,8,11,72,4,5,22.833333333,3.75
60179,8,11,72,4,0,20.5,2.25
60194,8,11,72,4,1,27.9375,2.25
60197,8,11,72,4,0,10.25,2.5
60204,8,11,72,4,0,20.25,4
60216,8,11,72,4,2,24.75,4.1666666667
60244,8,11,72,4,7,14.75,3.1666666667
60254,8,11,72,4,1,3.375,2.375
60279,9,11,72,3,0,29.1875,3.6875
60281,9,11,72,3,6,20,3.0833333333
60290,9,11,72,3,0,22.375,3.125
60291,9,11,72,3,5,18.916666667,2.1666666667
60300,9,11,72,3,4,21,3.5833333333
2009,12,12,61,1,2,4.9375,2.625
2020,12,12,61,1,2,16.5,2.2916666667
2026,12,12,61,1,1,15.666666667,2
2034,12,12,61,1,0,14.5,3.25
2071,12,12,61,1,1,28.375,2.125
2073,12,12,61,1,1,14.333333333,2.3333333333
2088,12,12,61,1,0,NA,NA
2314,11,12,61,2,4,12.25,3.25
58763,9,12,61,4,2,27.916666667,3.75
58807,10,12,61,3,1,32,3.5
58819,10,12,61,3,1,21.25,3.125
58828,10,12,61,3,1,22.666666667,2.5
58835,10,12,61,3,0,24.75,3.625
58853,10,12,61,3,2,30.5,3.625
58869,10,12,61,3,3,21.375,3.75
58900,10,12,61,3,2,25.75,3.375
58903,11,12,61,2,3,26.666666667,1.9166666667
58917,11,12,61,2,2,4.5833333333,4.1666666667
58938,11,12,61,2,0,30.95,2.1
58953,11,12,61,2,0,5.45,3.6
58954,11,12,61,2,2,24,2.25
58977,11,12,61,2,3,13.125,3.625
58978,11,12,61,2,2,6.75,3.4166666667
58988,11,12,61,2,1,22.25,2.0833333333
59105,11,12,61,2,4,9.5833333333,1.6666666667
59107,11,12,61,2,3,29.8125,3.8125
59114,11,12,61,2,4,20.166666667,3.9166666667
59133,11,12,61,2,2,6.75,2.0833333333
59145,11,12,61,2,4,21.25,3
59150,11,12,61,2,3,15.333333333,3.1666666667
59151,11,12,61,2,5,12,2.125
59199,11,12,61,2,2,23.166666667,3.6666666667
59207,10,12,61,3,4,3.625,2.375
59230,10,12,61,3,3,15.75,3.1666666667
59239,11,12,61,2,1,20.166666667,3.0833333333
59241,11,12,61,2,5,21,2.75
59243,11,12,61,2,3,21.5,4.125
59274,11,12,61,2,4,19.5,3.25
59355,10,12,61,3,0,22.833333333,3.4166666667
59363,10,12,61,3,1,5.625,2.25
59381,10,12,61,3,3,18.333333333,3.9166666667
59398,10,12,61,3,1,25.166666667,4
59403,12,12,61,1,5,13.833333333,3.6666666667
59407,12,12,61,1,3,11.166666667,2.9166666667
59412,12,12,61,1,3,21.5,3.1875
59417,12,12,61,1,3,7.625,3.375
59428,12,12,61,1,0,12.5,1.5
59442,12,12,61,1,2,25.375,1.75
59457,12,12,61,1,1,8.4166666667,3.1666666667
59458,12,12,61,1,0,17.333333333,3.5
59471,12,12,61,1,4,10.125,3.375
59476,12,12,61,1,0,18.75,2.375
59486,12,12,61,1,0,10.416666667,2.4166666667
59500,12,12,61,1,0,26.75,3.5833333333
60177,8,12,61,5,1,24.083333333,4.5833333333
60194,8,12,61,5,4,27.833333333,2.4166666667
60216,8,12,61,5,1,24.6875,4.25
60279,9,12,61,4,1,29.05,3.65
60290,9,12,61,4,1,18.625,3
60291,9,12,61,4,2,13.5,3.125
60300,9,12,61,4,1,20.6875,4
2034,12,13,58,2,3,13.75,3.8333333333
2071,12,13,58,2,1,28.25,2.0625
2073,12,13,58,2,4,14.25,2.5
2207,13,13,58,1,0,10.916666667,2
2236,13,13,58,1,2,3.75,2.5625
2267,13,13,58,1,1,17.5,3.5
2268,13,13,58,1,0,25,3.985
2272,13,13,58,1,1,11.5,1.875
2273,13,13,58,1,6,13.5,3.125
2328,13,13,58,1,2,13.25,4.25
2344,13,13,58,1,3,12.583333333,3.4166666667
2353,13,13,58,1,2,9,3.25
2371,13,13,58,1,2,16.416666667,2
2396,13,13,58,1,5,4.875,2.25
58763,9,13,58,5,1,25.416666667,2
58853,10,13,58,4,0,32.25,3.5
58869,10,13,58,4,3,21.875,4.5
58900,10,13,58,4,4,25.5,3.125
58917,11,13,58,3,0,4.8125,4.25
58938,11,13,58,3,5,31.25,2.1666666667
58953,11,13,58,3,1,5.75,4
58954,11,13,58,3,2,24.375,2.5
58977,11,13,58,3,2,NA,NA
58978,11,13,58,3,2,7.375,3.375
58988,11,13,58,3,3,21.833333333,2.4166666667
59105,11,13,58,3,3,9.6666666667,1.8333333333
59107,11,13,58,3,4,29.375,3.625
59114,11,13,58,3,1,20.583333333,3.5
59133,11,13,58,3,0,7.0625,2.4375
59145,11,13,58,3,3,21.125,3.5
59150,11,13,58,3,6,15.25,3.375
59151,11,13,58,3,0,11,1.75
59199,11,13,58,3,0,21.625,3.25
59207,10,13,58,4,3,11.375,3.125
59230,10,13,58,4,0,16.6875,3.5
59239,11,13,58,3,0,19.916666667,3
59241,11,13,58,3,0,21.5,4.0833333333
59243,11,13,58,3,2,23,2.625
59274,11,13,58,3,4,19.25,3.625
59355,10,13,58,4,2,22.5,3.55
59363,10,13,58,4,2,6,2.375
59381,10,13,58,4,0,18.5,3.875
59398,10,13,58,4,2,25.1875,4.125
59403,12,13,58,2,0,11,3.25
59407,12,13,58,2,3,14.5,3.5
59412,12,13,58,2,1,20.75,4.25
59428,12,13,58,2,4,12.75,1.8333333333
59457,12,13,58,2,3,8.5,3.25
59458,12,13,58,2,1,27.125,2.5
59471,12,13,58,2,4,10.416666667,3.25
59476,12,13,58,2,3,22.375,2.375
59486,12,13,58,2,2,21.333333333,2.75
59500,12,13,58,2,3,27.875,3.625
60177,8,13,58,6,1,24.0625,3.8125
60216,8,13,58,6,2,24.333333333,4.5
60279,9,13,58,5,1,28.3125,3.25
60290,9,13,58,5,2,18.75,3.5
60291,9,13,58,5,0,18.75,2.375
2071,12,14,53,3,3,27.75,2.25
2073,12,14,53,3,1,15,3
2113,14,14,53,1,1,28.9375,3.75
2141,14,14,53,1,2,15.75,3.75
2142,14,14,53,1,0,30.375,3.625
2143,14,14,53,1,0,24.75,4
2145,14,14,53,1,6,13.25,3.5833333333
2151,14,14,53,1,3,14.375,2.375
2160,14,14,53,1,4,4,2.8333333333
2165,14,14,53,1,2,5.625,3.25
2207,13,14,53,2,1,11,2.125
2267,13,14,53,2,6,17.375,3.5
2268,13,14,53,2,2,17.625,3
2272,13,14,53,2,3,11.6875,1.8125
2344,13,14,53,2,3,12.5,3.5
2353,13,14,53,2,4,9.125,3.125
2369,13,14,53,2,7,14,3.75
2371,13,14,53,2,2,16.4375,3.625
2373,13,14,53,2,2,13.25,3.125
58869,10,14,53,5,1,21.833333333,4.3333333333
58900,10,14,53,5,1,25.5,3.25
58917,11,14,53,4,3,4.75,4.1666666667
58938,11,14,53,4,5,31.4375,3.1875
58953,11,14,53,4,5,3.75,2.5
58954,11,14,53,4,0,25.75,1.9166666667
58978,11,14,53,4,2,6.5,3.125
58988,11,14,53,4,1,21.875,2.5
59105,11,14,53,4,2,10.25,2
59114,11,14,53,4,6,20,2.7
59133,11,14,53,4,6,6.5,1.875
59145,11,14,53,4,2,21.375,3.25
59150,11,14,53,4,2,15.5,3.25
59199,11,14,53,4,0,23.5,4
59207,10,14,53,5,2,11.75,3.25
59239,11,14,53,4,4,20.916666667,2.5
59241,11,14,53,4,1,21.75,4
59243,11,14,53,4,2,23.25,2.5
59274,11,14,53,4,5,19.25,3.5833333333
59355,10,14,53,5,1,23.083333333,3.6666666667
59363,10,14,53,5,2,4.75,2.5
59381,10,14,53,5,1,18.5625,3.8125
59398,10,14,53,5,0,24.666666667,4.3333333333
59412,12,14,53,3,0,20.458333333,3.9583333333
59428,12,14,53,3,2,12.625,1.75
59457,12,14,53,3,4,8.1666666667,3.0833333333
59471,12,14,53,3,2,10.5,3.5
59476,12,14,53,3,2,22.25,2.25
59486,12,14,53,3,2,19,2.3333333333
59500,12,14,53,3,2,28,3.75
60216,8,14,53,7,3,26.5,3.6666666667
60279,9,14,53,6,0,28.375,3.125
86159,14,14,53,1,3,27.583333333,2.0833333333
86163,14,14,53,1,2,18.1875,3.1875
2369,13,15,4,3,8,14,2.5
59412,12,15,4,4,3,21,3.3333333333
64909,15,15,4,1,2,16,3.4166666667
86268,15,15,4,1,3,5.875,2.625
54533,16,16,10,1,8,21.75,2.8125
54534,16,16,10,1,6,7.1875,2.875
54544,NA,16,10,NA,9,25.75,3.9166666667
54590,NA,16,10,NA,9,31.9375,3.0625
56980,NA,16,10,NA,6,4.0625,2.625
59412,12,16,10,5,4,21.5,4.25
64909,15,16,10,2,7,14.1875,2.9375
69535,16,16,10,1,6,12.166666667,1.9166666667
69558,16,16,10,1,3,11.75,3.3
69559,16,16,10,1,12,17,3.5
20681,17,17,28,1,2,16.3,3.45
47110,17,17,28,1,8,3.6666666667,2.6166666667
47116,17,17,28,1,4,15.7,3.525
47165,17,17,28,1,4,25.55,3.5625
47166,17,17,28,1,9,22.716666667,3.9833333333
47167,17,17,28,1,3,19,2.5
47170,17,17,28,1,3,9.5333333333,3.3666666667
47191,17,17,28,1,2,10.9,3.175
47192,17,17,28,1,2,5.0166666667,2.6833333333
54533,16,17,28,2,5,21.65,3.7166666667
54534,16,17,28,2,4,8.5,2.95
54544,17,17,28,1,8,24.9,4.3833333333
54596,17,17,28,1,4,30.775,2.925
54637,17,17,28,1,1,27.3,2.5
54639,17,17,28,1,5,20.65,3.7333333333
56901,17,17,28,1,4,27.116666667,3.9166666667
56902,17,17,28,1,4,24.45,2.15
56905,17,17,28,1,8,14.35,2.3333333333
56909,17,17,28,1,3,18.066666667,3.8333333333
56911,17,17,28,1,5,21.675,2.875
56915,17,17,28,1,4,28.25,3.35
56939,17,17,28,1,7,6.675,2.075
56940,17,17,28,1,0,12.35,2
56941,17,17,28,1,5,10.175,2.45
56980,17,17,28,1,5,5.175,3.925
69535,16,17,28,2,8,11.466666667,1.9166666667
69558,16,17,28,2,4,12.475,3
69559,16,17,28,2,10,13.933333333,3.55
NA,NA,18,42,NA,4,14.65,2.22
20601,18,18,42,1,0,7.65,4.035
20617,18,18,42,1,4,28.425,2
20621,18,18,42,1,1,19.233333333,3.7
20641,18,18,42,1,9,3.8,3.375
20644,18,18,42,1,6,23.45,4
20681,NA,18,42,NA,3,17.983333333,3.9166666667
20690,18,18,42,1,4,21.575,4.45
47165,17,18,42,2,5,25.8,3.125
47166,17,18,42,2,5,22.633333333,4.05
47167,17,18,42,2,3,18.8,2.1833333333
47170,17,18,42,2,10,10.033333333,3.8166666667
47191,17,18,42,2,7,11.15,3.375
47192,17,18,42,2,7,5.0166666667,2.45
54533,15,18,42,4,6,21.35,3.575
54544,NA,18,42,NA,5,24.875,4.275
54596,17,18,42,2,8,29.425,3.8
54639,17,18,42,2,7,20.13,3.15
54657,18,18,42,1,7,8.3,3
54676,18,18,42,1,5,6.525,3.25
56902,17,18,42,2,4,24.75,2.7
56905,17,18,42,2,5,15.5,3.56
56909,17,18,42,2,5,16.533333333,3.45
56911,17,18,42,2,5,21.1,2.875
56939,17,18,42,2,9,6.7,1.8625
56940,17,18,42,2,7,12.76,2.33
56941,17,18,42,2,8,10.16,2.29
56980,17,18,42,2,9,5.2633333333,4
62626,18,18,42,1,7,31.075,2.125
69535,16,18,42,3,10,11.65,3.05
69558,16,18,42,3,3,12.4425,3.2125
69559,16,18,42,3,5,13.6375,3.3425
69614,18,18,42,1,3,28.45,3.325
69619,18,18,42,1,0,21.575,2.9825
69630,18,18,42,1,0,21.766666667,2.52
69631,18,18,42,1,7,26.725,3.85
69644,18,18,42,1,5,14,2.75
69650,18,18,42,1,4,23.35,2.4333333333
69655,18,18,42,1,7,32.15,3.125
69677,18,18,42,1,6,16.475,2.725
69696,18,18,42,1,2,14.65,3.35
69699,18,18,42,1,4,23.9,3.975
20406,19,19,42,1,0,23.75,2.5
20429,19,19,42,1,2,23.916666667,4.75
20449,19,19,42,1,4,5,4.125
20455,19,19,42,1,6,19.5,3.5
20468,19,19,42,1,2,16.5,3.375
20482,19,19,42,1,1,6.25,2
20483,19,19,42,1,3,11.5,1.875
20484,19,19,42,1,0,10.583333333,1.9166666667
20621,18,19,42,2,1,18.916666667,3.6666666667
20644,18,19,42,2,4,23.0625,4
20681,NA,19,42,NA,3,15.375,3.375
20690,NA,19,42,NA,5,21.833333333,4.4166666667
47165,17,19,42,3,1,25.333333333,3.5833333333
47166,17,19,42,3,2,22.625,4.125
47167,17,19,42,3,7,18.833333333,2.1666666667
54544,NA,19,42,NA,4,28.3125,3.9375
56902,17,19,42,3,4,25.25,2
56911,17,19,42,3,4,21.125,2.625
69558,16,19,42,4,3,12.5625,3.375
69559,16,19,42,4,3,13.625,3.4375
69614,18,19,42,2,3,28.25,3.75
69619,18,19,42,2,5,21.5,3.5
69626,18,19,42,2,3,31.4375,2.25
69630,18,19,42,2,2,21.833333333,2.5
69644,18,19,42,2,3,12.625,2
69650,18,19,42,2,3,21.375,2.875
69677,18,19,42,2,4,16.416666667,2.1666666667
69696,18,19,42,2,4,14.5,3.25
69699,18,19,42,2,3,25.125,4.25
73306,19,19,42,1,3,17.625,4.125
73318,19,19,42,1,1,6.6666666667,3.3333333333
73319,19,19,42,1,3,3.5,2.25
73534,19,19,42,1,5,11.25,3.375
73551,19,19,42,1,6,8.9166666667,3.25
73552,19,19,42,1,0,30.75,4
73553,19,19,42,1,2,28.5,2
73564,19,19,42,1,3,24.125,2.375
73570,19,19,42,1,6,26.375,3.75
73574,19,19,42,1,5,32.833333333,3.25
73578,19,19,42,1,2,27.875,2.5
73590,19,19,42,1,7,7.5,3.0833333333
73594,19,19,42,1,2,14.25,2.25
